{"initial_reset_timestamp": 1514950427.766573, "timestamps": [1514950434.8585067], "episode_lengths": [1669], "episode_rewards": [1669.0], "episode_types": ["t"]}